{"id": "derived_features_model_1741179991", "name": "derived_features_model", "description": "Model with derived stress_per_sleep feature", "created_at": 1741179991.005891, "version": "1.0.0", "accuracy": 1.0, "training_time": 0.03516888618469238, "feature_columns": ["sleep_hours", "stress_level", "weather_pressure", "heart_rate", "hormonal_level", "screen_time_hours", "activity_minutes", "hydration_ml", "caffeine_mg", "stress_sleep_ratio", "stress_per_sleep"], "feature_importances": [0.08134029367836225, 0.031537182109077064, 0.10379644607716539, 0.1066965893641418, 0.1398436391131223, 0.06886896307100668, 0.0684619886586225, 0.11265334563093607, 0.1382924508108447, 0.0858423098296473, 0.06266679165707405], "model_type": "RandomForest", "schema_version": 5, "feature_defaults": {"sleep_hours": 7.0751806418460435, "stress_level": 5.5125, "weather_pressure": 1011.5172050227305, "heart_rate": 77.80215600653233, "hormonal_level": 5.1675465773595075, "screen_time_hours": 4.903608926046811, "activity_minutes": 59.28817828002368, "hydration_ml": 1508.390262067658, "caffeine_mg": 96.03929366241452, "stress_sleep_ratio": 0.7926729872362166, "stress_per_sleep": 0.7926729872362166}}