{"id": "baseline_model_1741197508", "name": "baseline_model", "description": "Baseline model with original features", "created_at": 1741197508.911656, "version": "1.0.0", "accuracy": 1.0, "training_time": 0.03410601615905762, "feature_columns": ["sleep_hours", "stress_level", "weather_pressure", "heart_rate", "hormonal_level"], "feature_importances": [0.2142798589896385, 0.12570629645860676, 0.2117182925240849, 0.21837571933055341, 0.22991983269711644], "model_type": "RandomForest", "schema_version": 12, "feature_defaults": {"sleep_hours": 6.896153482605905, "stress_level": 5.03, "weather_pressure": 1014.4405733457357, "heart_rate": 75.01780897004565, "hormonal_level": 5.091290690477271}}