{"id": "model_1741225149_1741225149", "name": "model_1741225149", "description": "Model trained with universal data adapter", "created_at": 1741225149.671087, "version": "1.0.0", "accuracy": 1.0, "training_time": 0.05490684509277344, "feature_columns": ["humidity", "stress_level", "sleep_hours", "alcohol", "caffeine", "cheese", "body_temp_celsius", "chocolate", "pulse_bpm", "hormonal_phase", "atmospheric_pressure_hpa", "age"], "feature_importances": [0.16710731831130762, 0.06555855123632352, 0.13760448371440695, 0.03297399509051088, 0.027813865652028334, 0.017034324778733935, 0.14928955782432007, 0.020712332751547945, 0.13550499399873717, 0.03304111291858632, 0.1249845315352844, 0.08837493218821273], "model_type": "RandomForest", "schema_version": 1, "target_column": "headache_occurred", "feature_defaults": {"humidity": -1.898180354702022e-16, "stress_level": -1.3882214534387922e-16, "sleep_hours": 8.385990820773112e-16, "alcohol": -1.1332420028071773e-17, "caffeine": 8.216004520352036e-17, "cheese": -7.366073018246652e-17, "body_temp_celsius": 1.7083623192318199e-15, "chocolate": 2.9747602573688406e-17, "pulse_bpm": 2.8331050070179433e-18, "hormonal_phase": 1.5298767037896895e-16, "atmospheric_pressure_hpa": -6.3277400331745764e-15, "age": 0.0}, "training_size": 627}