sleep_hours,stress_level,weather_pressure,heart_rate,hormonal_level,screen_time_hours,hydration_ml,activity_minutes,caffeine_mg,weight_kg,stress_per_sleep,hydration_per_kg,stress_per_activity,hydration_efficiency,stress_activity_ratio,prediction,probability
6.2,9,1020,78,6.2,7.5,1200,45,120,65,1.4516129032258065,18.461254442239348,0.19955654101995565,193.54838709677418,0.2,1,0.51
8.1,3,1005,65,4.8,2.0,2000,120,80,72,0.3703703703703704,27.777391980666934,0.024979184013322234,246.9135802469136,0.025,0,0.42
7.5,6,1015,72,5.1,3.5,1500,60,150,80,0.8,18.74976562792965,0.09983361064891846,200.0,0.1,0,0.4
5.8,8,1008,88,7.2,6.0,800,30,20,68,1.3793103448275863,11.76453287451655,0.26578073089700993,137.93103448275863,0.26666666666666666,1,0.58
