feature,importance
stress_level,0.15835823814861755
medication_dose,0.15270156205138913
sleep_hours,0.12594694698314443
bp_dia,0.11279618777911385
heart_rate,0.1103719661876009
patient_id,0.08475792956711559
bp_sys,0.08308580081316706
day_of_week,0.06624301791694298
weekend,0.04035317215890834
weather_temp,0.037614099742629054
weather_humidity,0.02777107865137095
hour_of_day,0.0
time_since_prev,0.0
measurement_count,0.0
