{
  "meta-learner": {
    "iterations": [
      1,
      2,
      3,
      4,
      5,
      6,
      7,
      8,
      9,
      10,
      11,
      12,
      13,
      14,
      15,
      16,
      17,
      18,
      19,
      20,
      21,
      22,
      23,
      24,
      25,
      26,
      27,
      28,
      29,
      30,
      31,
      32,
      33,
      34,
      35,
      36,
      37,
      38,
      39,
      40,
      41,
      42,
      43,
      44,
      45,
      46,
      47,
      48,
      49,
      50
    ],
    "scores": [
      0.7515308598392086,
      0.792840426447515,
      0.7998961908240867,
      0.8117453032353823,
      0.8540549357140593,
      0.8419072524142508,
      0.8465393952272262,
      0.8823829152840117,
      0.8930616870295555,
      0.8885314393482605,
      0.8711712128566802,
      0.8948409240491282,
      0.8994349793596903,
      0.9162388313423253,
      0.8924417221355561,
      0.8951735254690472,
      0.8993805037265883,
      0.8957024497574418,
      0.9230805154437519,
      0.9143753555519488,
      0.9216406955171864,
      0.917494547140375,
      0.9239991667057564,
      0.9179453983417206,
      0.8987572308028056,
      0.9019891261575255,
      0.8977557642058945,
      0.918306575480617,
      0.9154777377411933,
      0.8930626772207764,
      0.910554165026396,
      0.9221883499523275,
      0.8970986036606937,
      0.925509711876687,
      0.8940696400987882,
      0.9151529456169393,
      0.901089338626117,
      0.9251976134794909,
      0.9032716532637932,
      0.911283113231912,
      0.9305001432783027,
      0.923954338274642,
      0.9230946157020303,
      0.9150657990576949,
      0.9093964132081868,
      0.9036998078133016,
      0.8988825232409483,
      0.9148955503663265,
      0.9070553318344111,
      0.91731931972438
    ]
  },
  "aco": {
    "iterations": [
      1,
      2,
      3,
      4,
      5,
      6,
      7,
      8,
      9,
      10,
      11,
      12,
      13,
      14,
      15,
      16,
      17,
      18,
      19,
      20,
      21,
      22,
      23,
      24,
      25,
      26,
      27,
      28,
      29,
      30,
      31,
      32,
      33,
      34,
      35,
      36,
      37,
      38,
      39,
      40,
      41,
      42,
      43,
      44,
      45,
      46,
      47,
      48,
      49,
      50
    ],
    "scores": [
      0.6285318118318077,
      0.6592210236485753,
      0.6797221322384769,
      0.6804140350609996,
      0.6725573501411429,
      0.6799642571256675,
      0.7194550910437003,
      0.7098947936819969,
      0.7045114228170892,
      0.7222014277908902,
      0.707770684978466,
      0.7197891998880102,
      0.7263191358906228,
      0.7212251722281914,
      0.7230408341529951,
      0.7376186922887616,
      0.7465509704716843,
      0.7313338691609937,
      0.7531816561273924,
      0.7538993161959787,
      0.7513957086415847,
      0.753778946958334,
      0.7411957917499313,
      0.7467698279084087,
      0.7575394685720799,
      0.739818688812976,
      0.7584129444198768,
      0.7699825592352444,
      0.7577444249542694,
      0.764853920249956,
      0.7692647892433591,
      0.7466132614012571,
      0.7554020520583477,
      0.7504037730706441,
      0.7456796723059403,
      0.7816313531035652,
      0.7801315384056373,
      0.7612735308368456,
      0.7736900844156451,
      0.773869488572424,
      0.7741404649315566,
      0.7492174184324617,
      0.7744242502774117,
      0.750340673645927,
      0.7735498414295321,
      0.7591009789414999,
      0.7726249142423824,
      0.7572324357936663,
      0.7631299477986434,
      0.7470905273700534
    ]
  },
  "differential-evolution": {
    "iterations": [
      1,
      2,
      3,
      4,
      5,
      6,
      7,
      8,
      9,
      10,
      11,
      12,
      13,
      14,
      15,
      16,
      17,
      18,
      19,
      20,
      21,
      22,
      23,
      24,
      25,
      26,
      27,
      28,
      29,
      30,
      31,
      32,
      33,
      34,
      35,
      36,
      37,
      38,
      39,
      40,
      41,
      42,
      43,
      44,
      45,
      46,
      47,
      48,
      49,
      50
    ],
    "scores": [
      0.5933146529920234,
      0.6167722023070462,
      0.6552616226163759,
      0.66109758851472,
      0.6742771988895154,
      0.6923574492895376,
      0.7090174190558962,
      0.7225328764734443,
      0.7428910268063434,
      0.7280614782477252,
      0.7599191667918109,
      0.7487764449160754,
      0.7647592423029,
      0.7733894642631975,
      0.772399812979095,
      0.773890695874374,
      0.7987366409359328,
      0.7916805771064268,
      0.7802022772789101,
      0.7904315965112146,
      0.7953966715738081,
      0.8188262010400984,
      0.8108602644852123,
      0.8204350476993859,
      0.8299160500642211,
      0.8247211717166255,
      0.8403970271168097,
      0.8145393181185311,
      0.8492813715959044,
      0.8316735461233553,
      0.8236654262624571,
      0.8380975249971783,
      0.8502267556055967,
      0.830214288180179,
      0.8428279999449846,
      0.8325511509559091,
      0.8424227235603672,
      0.8464533493901317,
      0.8509240247190532,
      0.8554606820441187,
      0.8407810253292772,
      0.8493619963259041,
      0.8615540228245763,
      0.8493149635599494,
      0.8515526193819091,
      0.8685071691057978,
      0.8496514915971602,
      0.8688754394043826,
      0.8469180810971296,
      0.8694291116865206
    ]
  },
  "particle-swarm": {
    "iterations": [
      1,
      2,
      3,
      4,
      5,
      6,
      7,
      8,
      9,
      10,
      11,
      12,
      13,
      14,
      15,
      16,
      17,
      18,
      19,
      20,
      21,
      22,
      23,
      24,
      25,
      26,
      27,
      28,
      29,
      30,
      31,
      32,
      33,
      34,
      35,
      36,
      37,
      38,
      39,
      40,
      41,
      42,
      43,
      44,
      45,
      46,
      47,
      48,
      49,
      50
    ],
    "scores": [
      0.6631571784255063,
      0.693592127365995,
      0.7046550757483299,
      0.6889101645436488,
      0.6997355579190583,
      0.7256532231021964,
      0.7579454757838807,
      0.751154606884843,
      0.7740068055215499,
      0.7540366075950663,
      0.7784141773237909,
      0.7917747194799609,
      0.7870902070247073,
      0.7643731008210396,
      0.7848911455145872,
      0.7838500814220788,
      0.7903243600880215,
      0.7952969408808453,
      0.7903231364799885,
      0.8031812183680495,
      0.8109125698264833,
      0.792371198064196,
      0.8082571251561853,
      0.7937482300283092,
      0.8033362205711271,
      0.8099128865971364,
      0.7862295090729696,
      0.8099194062266677,
      0.8082465738157231,
      0.8208470384189499,
      0.8130953016064234,
      0.821393517612452,
      0.8009462280922515,
      0.8175092928214791,
      0.8232795715035152,
      0.805476917111079,
      0.8028878092613769,
      0.8045665785393183,
      0.7991283407615947,
      0.81010861532909,
      0.8078432975144328,
      0.788706445577583,
      0.8208632897551239,
      0.7940211908833786,
      0.7885953419926314,
      0.7916753384468204,
      0.793995347965668,
      0.7976377988819954,
      0.8215440641740493,
      0.797703030282141
    ]
  },
  "grey-wolf": {
    "iterations": [
      1,
      2,
      3,
      4,
      5,
      6,
      7,
      8,
      9,
      10,
      11,
      12,
      13,
      14,
      15,
      16,
      17,
      18,
      19,
      20,
      21,
      22,
      23,
      24,
      25,
      26,
      27,
      28,
      29,
      30,
      31,
      32,
      33,
      34,
      35,
      36,
      37,
      38,
      39,
      40,
      41,
      42,
      43,
      44,
      45,
      46,
      47,
      48,
      49,
      50
    ],