{
  "Meta-Learner": {
    "iterations": [
      0,
      5,
      10,
      15,
      20,
      25,
      30,
      35,
      40,
      45,
      50,
      55,
      60,
      65,
      70,
      75,
      80,
      85,
      90,
      95,
      100
    ],
    "performance": [
      0.741,
      0.848,
      0.8927,
      0.8947,
      0.9017,
      0.9254,
      0.9035,
      0.903,
      0.9117,
      0.9176,
      0.913,
      0.9138,
      0.9204,
      0.9163,
      0.9148,
      0.908,
      0.9159,
      0.9127,
      0.9143,
      0.912,
      0.9127
    ],
    "initial_performance": 0.7461142757993514,
    "final_performance": 0.9127038468111539
  },
  "ACO": {
    "iterations": [
      0,
      5,
      10,
      15,
      20,
      25,
      30,
      35,
      40,
      45,
      50,
      55,
      60,
      65,
      70,
      75,
      80,
      85,
      90,
      95,
      100
    ],
    "performance": [
      0.6229,
      0.673,
      0.6871,
      0.7152,
      0.7423,
      0.7453,
      0.7622,
      0.7639,
      0.7655,
      0.7847,
      0.7923,
      0.7932,
      0.7902,
      0.7934,
      0.7922,
      0.7881,
      0.7877,
      0.7904,
      0.7897,
      0.7901,
      0.7901
    ],
    "initial_performance": 0.6126715151280264,
    "final_performance": 0.7903035586078488
  },
  "Differential Evolution": {
    "iterations": [
      0,
      5,
      10,
      15,
      20,
      25,
      30,
      35,
      40,
      45,
      50,
      55,
      60,
      65,
      70,
      75,
      80,
      85,
      90,
      95,
      100
    ],
    "performance": [
      0.6465,
      0.6838,
      0.7522,
      0.7453,
      0.7894,
      0.7982,
      0.8073,
      0.8102,
      0.8012,
      0.8077,
      0.8104,
      0.8136,
      0.8068,
      0.8128,
      0.815,
      0.8103,
      0.8106,
      0.8166,
      0.8129,
      0.8133,
      0.8141
    ],
    "initial_performance": 0.640561732590305,
    "final_performance": 0.8141854266204089
  },
  "Particle Swarm": {
    "iterations": [
      0,
      5,
      10,
      15,
      20,
      25,
      30,
      35,
      40,
      45,
      50,
      55,
      60,
      65,
      70,
      75,
      80,
      85,
      90,
      95,
      100
    ],
    "performance": [
      0.6516,
      0.6903,
      0.7158,
      0.7532,
      0.7802,
      0.79,
      0.7958,
      0.804,
      0.8125,
      0.8025,
      0.8057,
      0.8025,
      0.8143,
      0.8055,
      0.8096,
      0.8071,
      0.8095,
      0.8091,
      0.8117,
      0.8119,
      0.8122
    ],
    "initial_performance": 0.6436141327033331,
    "final_performance": 0.8123241364511423
  },
  "Grey Wolf": {
    "iterations": [
      0,
      5,
      10,
      15,
      20,
      25,
      30,
      35,
      40,
      45,
      50,
      55,
      60,
      65,
      70,
      75,
      80,
      85,
      90,
      95,
      100
    ],
    "performance": [
      0.558,
      0.6711,
      0.7394,
      0.7858,
      0.7926,
      0.81,
      0.8256,
      0.8203,
      0.8197,
      0.8377,
      0.8389,
      0.8279,
      0.8275,
      0.8295,
      0.8394,
      0.836,
      0.83,
      0.8346,
      0.8331,
      0.8336,
      0.8338
    ],
    "initial_performance": 0.5765887641062241,
    "final_performance": 0.8338230779824356
  },
  "CMA-ES": {
    "iterations": [
      0,
      5,
      10,
      15,
      20,
      25,
      30,
      35,
      40,
      45,
      50,
      55,
      60,
      65,
      70,
      75,
      80,
      85,
      90,
      95,
      100
    ],
    "performance": [
      0.6831,
      0.7549,
      0.8031,
      0.8232,
      0.8541,
      0.8708,
      0.8549,
      0.866,
      0.8621,
      0.8701,
      0.8575,
      0.8676,
      0.8597,
      0.874,
      0.8685,
      0.872,
      0.8696,
      0.8682,
      0.8695,
      0.8667,
      0.8676
    ],
    "initial_performance": 0.6966624622266012,
    "final_performance": 0.8676016850032433
  },
  "Bayesian": {
    "iterations": [
      0,
      5,
      10,
      15,
      20,
      25,
      30,
      35,
      40,
      45,
      50,
      55,
      60,
      65,
      70,
      75,
      80,
      85,
      90,
      95,
      100
    ],
    "performance": [
      0.6144,
      0.7439,
      0.8157,
      0.8384,
      0.866,
      0.8602,
      0.8817,
      0.8849,
      0.8969,
      0.8953,
      0.8981,
      0.8893,
      0.8883,
      0.8907,
      0.8917,
      0.8878,
      0.8932,
      0.8903,
      0.89,
      0.8912,
      0.8904
    ],
    "initial_performance": 0.6175701664419069,
    "final_performance": 0.890422206705016
  }
}