{
  "concurrent_loads": [
    1,
    2,
    5,
    10
  ],
  "throughputs": [
    9.583142613212562,
    9.6176133867544,
    9.58027367361844,
    9.599309282496161
  ],
  "latencies": [
    0.10434478170767154,
    0.1039734191801108,
    0.10438020210989633,
    0.10417407002023538
  ],
  "scaling_efficiency": [
    0.501798510933893,
    0.39844702790039843,
    0.5009934793893279
  ],
  "peak_throughput": 9.6176133867544,
  "optimal_load": 2,
  "saturation_point": 2
}