{
  "benchmark_id": "sphere_2d_run0",
  "optimizer_id": "MetaOptimizerAdapter",
  "params": {
    "dimension": 2,
    "max_evaluations": 1000,
    "bounds": [
      -5.0,
      5.0
    ],
    "run": 0
  },
  "runtime": 0.010092973709106445,
  "function_evaluations": 1000,
  "best_fitness": 1.0361916943041865e-08,
  "best_position": [
    -8.310426135127134e-05,
    5.8784340502394474e-05
  ],
  "convergence": [
    1.0361916943041865e-08
  ],
  "success": true,
  "error": null,
  "timestamp": "2025-03-14T22:42:55.974097"
}