{
  "benchmark_id": "sphere_2d_run0",
  "optimizer_id": "EvolutionStrategyAdapter",
  "params": {
    "dimension": 2,
    "max_evaluations": 1000,
    "bounds": [
      -5.0,
      5.0
    ],
    "run": 0
  },
  "runtime": 0.004695892333984375,
  "function_evaluations": 1010,
  "best_fitness": 1.571938220992905e-05,
  "best_position": [
    -0.0027569740874245543,
    -0.0028492939636335516
  ],
  "convergence": [
    1.571938220992905e-05
  ],
  "success": true,
  "error": null,
  "timestamp": "2025-03-14T22:42:55.936848"
}