{
  "mean_latency": 0.054102681620861404,
  "std_latency": 0.0015146296930890833,
  "min_latency": 0.05037399999855552,
  "max_latency": 0.05505983300099615,
  "jitter": 0.004685833002440631,
  "runs": 50,
  "p50_latency": 0.055033041498973034,
  "p90_latency": 0.055051445198478176,
  "p95_latency": 0.05505228095134953,
  "p99_latency": 0.05505775049939984
}