{"id": "enhanced_model_1741192063", "name": "enhanced_model", "description": "Enhanced model with new features", "created_at": 1741192063.147091, "version": "1.0.0", "accuracy": 1.0, "training_time": 0.03657197952270508, "feature_columns": ["sleep_hours", "stress_level", "weather_pressure", "heart_rate", "hormonal_level", "screen_time_hours", "hydration_ml", "caffeine_mg", "weight_kg", "activity_minutes"], "feature_importances": [0.08862667407579546, 0.061165986056511204, 0.0923149552301405, 0.13168430947201487, 0.12170229711028939, 0.09122593895961618, 0.10872717840031801, 0.07463424914533245, 0.12742563305645113, 0.10249277849353071], "model_type": "RandomForest", "schema_version": 2, "feature_defaults": {"sleep_hours": 7.0751806418460435, "stress_level": 5.5125, "weather_pressure": 1011.5172050227305, "heart_rate": 77.80215600653233, "hormonal_level": 5.1675465773595075, "screen_time_hours": 4.386808591148632, "hydration_ml": 1571.5032796182359, "caffeine_mg": 105.69132641947826, "weight_kg": 70.55762064822935, "activity_minutes": 60.08995018035125}}