{"id": "Universal Data Example Model_1741222036", "name": "Universal Data Example Model", "description": "Model trained with universal data adapter", "created_at": 1741222036.0874612, "version": "1.0.0", "accuracy": 1.0, "training_time": 0.34092187881469727, "feature_columns": ["humidity", "stress_level", "sleep_hours", "alcohol", "caffeine", "cheese", "body_temp_celsius", "chocolate", "pulse_bpm", "hormonal_phase", "atmospheric_pressure_hpa", "age"], "feature_importances": [0.13051206057150455, 0.07312228115479734, 0.13519366445491524, 0.03317155413338615, 0.04848745416416622, 0.025546219358239863, 0.12861312021627222, 0.0274756997148527, 0.13193013110414906, 0.03978093401175671, 0.13239333592670124, 0.09377354518925862], "model_type": "RandomForest", "schema_version": 1, "target_column": "headache_occurred", "feature_defaults": {"humidity": 60.03713388523706, "stress_level": 5.556303116147308, "sleep_hours": 7.005353902015184, "alcohol": 1.0170575692963753, "caffeine": 1.4923405771286071, "cheese": 0.5127028934368384, "body_temp_celsius": 98.60552997532875, "chocolate": 0.49964838255977495, "pulse_bpm": 74.79931473205718, "hormonal_phase": 2.63704128440367, "atmospheric_pressure_hpa": 1012.8629256034076, "age": 43.02307692307692}, "training_size": 3150}