{"id": "enhanced_model_1741179990", "name": "enhanced_model", "description": "Enhanced model with additional features", "created_at": 1741179990.9642181, "version": "1.0.0", "accuracy": 1.0, "training_time": 0.0357208251953125, "feature_columns": ["sleep_hours", "stress_level", "weather_pressure", "heart_rate", "hormonal_level", "screen_time_hours", "activity_minutes", "hydration_ml", "caffeine_mg", "stress_sleep_ratio"], "feature_importances": [0.09844806957363048, 0.04477527274771663, 0.0892977886046022, 0.08535198183497719, 0.1701056585966656, 0.07539626340487936, 0.09308446409258593, 0.13078557565155785, 0.13876555323731524, 0.07398937225606961], "model_type": "RandomForest", "schema_version": 4, "feature_defaults": {"sleep_hours": 7.0751806418460435, "stress_level": 5.5125, "weather_pressure": 1011.5172050227305, "heart_rate": 77.80215600653233, "hormonal_level": 5.1675465773595075, "screen_time_hours": 4.903608926046811, "activity_minutes": 59.28817828002368, "hydration_ml": 1508.390262067658, "caffeine_mg": 96.03929366241452, "stress_sleep_ratio": 0.7926729872362166}}