{"id": "Universal Data Example Model_1741224399", "name": "Universal Data Example Model", "description": "Model trained with universal data adapter", "created_at": 1741224399.1987252, "version": "1.0.0", "accuracy": 1.0, "training_time": 0.38095593452453613, "feature_columns": ["humidity", "stress_level", "sleep_hours", "alcohol", "caffeine", "cheese", "body_temp_celsius", "chocolate", "pulse_bpm", "hormonal_phase", "atmospheric_pressure_hpa", "age"], "feature_importances": [0.12951215996872287, 0.07282508831490876, 0.13616066054387457, 0.03652891648679725, 0.04600035938485998, 0.027187145642607415, 0.131967308157033, 0.026533020747723443, 0.12777809362209738, 0.039752823187757184, 0.12951851048632956, 0.09623591345728849], "model_type": "RandomForest", "schema_version": 1, "target_column": "headache_occurred", "feature_defaults": {"humidity": 59.96783931823049, "stress_level": 5.522825416409623, "sleep_hours": 7.002388415455998, "alcohol": 1.0202303143479614, "caffeine": 1.4874184529356944, "cheese": 0.5075734157650695, "body_temp_celsius": 98.60382221377533, "chocolate": 0.49754601226993866, "pulse_bpm": 74.87255767581581, "hormonal_phase": 2.6345864661654135, "atmospheric_pressure_hpa": 1012.7464657501362, "age": 42.93522761992056}, "training_size": 3600}