{"id": "derived_features_model_1741197511", "name": "derived_features_model", "description": "Model with derived features", "created_at": 1741197511.75957, "version": "1.0.0", "accuracy": 1.0, "training_time": 0.03638815879821777, "feature_columns": ["sleep_hours", "stress_level", "weather_pressure", "heart_rate", "hormonal_level", "screen_time_hours", "hydration_ml", "caffeine_mg", "weight_kg", "activity_minutes", "stress_per_sleep", "hydration_per_kg"], "feature_importances": [0.06401793933480773, 0.045642738598620315, 0.0905034059724029, 0.0859832465042484, 0.08781851267423871, 0.0727850919075014, 0.07195410888635173, 0.0851045952564647, 0.10681867425326773, 0.08586051111679423, 0.09783752350191884, 0.10567365199338333], "model_type": "RandomForest", "schema_version": 14, "feature_defaults": {"sleep_hours": 7.0751806418460435, "stress_level": 5.5125, "weather_pressure": 1011.5172050227305, "heart_rate": 77.80215600653233, "hormonal_level": 5.1675465773595075, "screen_time_hours": 4.386808591148632, "hydration_ml": 1571.5032796182359, "caffeine_mg": 105.69132641947826, "weight_kg": 70.55762064822935, "activity_minutes": 60.08995018035125, "stress_per_sleep": 0.7926729872362166, "hydration_per_kg": 22.777778305063475}}