{"id": "comprehensive_test_model_1741197752", "name": "comprehensive_test_model", "description": "Full end-to-end test model", "created_at": 1741197752.692412, "version": "1.0.0", "accuracy": 1.0, "training_time": 0.037629127502441406, "feature_columns": ["sleep_hours", "stress_level", "weather_pressure", "heart_rate", "hormonal_level", "screen_time_hours", "hydration_ml", "caffeine_mg", "weight_kg", "activity_minutes", "stress_per_sleep", "hydration_per_kg", "stress_per_activity", "hydration_efficiency", "stress_activity_ratio"], "feature_importances": [0.05781726094643853, 0.026693484388960055, 0.07826058356943483, 0.08178374931992231, 0.08292594764299192, 0.05556754932029333, 0.06692097108890648, 0.05684980313803601, 0.08178244677774674, 0.055467389336729095, 0.06170670664753206, 0.06650409463635083, 0.0738533272677311, 0.07117534194843503, 0.08269134397049165], "model_type": "RandomForest", "schema_version": 19, "feature_defaults": {"sleep_hours": 7.0751806418460435, "stress_level": 5.5125, "weather_pressure": 1011.5172050227305, "heart_rate": 77.80215600653233, "hormonal_level": 5.1675465773595075, "screen_time_hours": 4.386808591148632, "hydration_ml": 1571.5032796182359, "caffeine_mg": 105.69132641947826, "weight_kg": 70.55762064822935, "activity_minutes": 60.08995018035125, "stress_per_sleep": 0.7926729872362166, "hydration_per_kg": 22.777778305063475, "stress_per_activity": 0.13390207467618792, "hydration_efficiency": 227.55310223231282, "stress_activity_ratio": 0.13457446248044105}}